sku,name,groupId,unitCost,sellingPrice,minStock,description,imageUrl,vendorCode,itemVendorCode,buyPrice,buyCurrency
HY2,Scrubber with cable,automatic-scrubber,"8,736","12,230",2,"Packing size: 1050 X 610 X 1190 mm; Width Of Suction Head: 760mm; Working Width: 457mm; Brush Diameter: 18""; Washing Brush Pressure: 25kg; Voltage: 220VAC/50HZ; Washing Brush Power: 1200W; Suction Motor Power: 400W; Clean Water Tank Volume: 30L; Sewage Tank Volume: 30L",,CB,HY2,3.12,RMB
SA500C,Manual scrubber with cable  Cleaning width: 530mm,automatic-scrubber,"11,214,000","15,699,600",2,,,CB,SA500C,630,USD
SA500B,Manual scrubber with battery  Cleaning width: 530mm,automatic-scrubber,"13,528,000","18,939,200",2,,,CB,SA500B,760,USD
SA530,Manual scrubber with battery  Cleaning width: 530mm,automatic-scrubber,"14,240,000","19,936,000",2,,,CB,SA530,800,USD
SA530B,Automatic scrubber with battery-self working  Cleaning width: 530mm,automatic-scrubber,"19,580","27,412",2,,,CB,SA530B,1.1,USD
SA600,Ride-on single brush scrubber  Cleaning width: 600mm,automatic-scrubber,"22,784","31,898",2,,,CB,SA600,1.28,USD
SA660,Ride-on double brush scrubber  Cleaning width: 660mm,automatic-scrubber,"26,878","37,629",2,,,CB,SA660,1.51,USD
SA860,Ride-on double brush scrubber  Cleaning width: 860mm,automatic-scrubber,"44,856","62,798",2,,,CB,SA860,2.52,USD
JK7,"Ride-on Scrubber (17""double brush )Rear-driven high configuration",automatic-scrubber,"68,068","95,295",2,,,JPET,TC180-K7,24.31,RMB
JK8,"Ride-on Scrubber (15""double brush )Rear-driven high configuration",automatic-scrubber,"56,056","78,478",2,,,JPET,TC140-K8H,20.02,RMB
JK6,Ride-on Scrubber (double brush ) 13inch *2 ( HIGHT configuration )Rear-driven,automatic-scrubber,"46,060","64,484",2,Voltage: 24V; Cleaning width: 760mm; Squeegee width: 1020mm; Productivity: 4200m²/h; Walking Speed: 0-9km/h; Driving motor: 650W; Lifting motor: 2*800W; Brush motor: 2*300W; Brush speed: 180rpm; Brush pressure: 28kg; Vacuum motor: 500W; Vacuum degree: 180mbar; Solution tank: 100L; Recovery tank: 105L; Sound level: 63dB; Battery: 2*12V/120Ah; Running time: 3~4 hours; Net weight: 262kgs; Gross weight: 334kgs; Product size: 1300*920*1274mm; Packing size: 1390*830*1375mm,,JPET,TC105-K6,16.45,RMB
JK1,AUTO Scrubber with Gel battery and charger ( HIGH configuration ),automatic-scrubber,"18,424","25,794",2,,,JPET,TC55-K1,6.58,RMB
SC50C,"auto scrubber with cable (220V,50Hz)",automatic-scrubber,"12,348","17,287",2,,,JPET,SC50C,4.41,RMB
TC20C,"auto scrubber with cable (220V,50Hz)",automatic-scrubber,"7,840","10,976",2,,,JPET,TC20C,2.8,RMB
Y66B,Ride On Scrubber,automatic-scrubber,"40,940","57,316",2,,,STL,Y66B,2.3,USD
SK1,Walk Behind Autoscrubber ( Battery ),automatic-scrubber,"16,910,000","23,674,000",2,,,STL,k1,950,USD
A-056A-6CB,36MM LONG FLAT VACUUMING HEAD,Sparepart-vacuum-cleaner,"16,660","23,324",2,,,CB,A-056A-6,5.95,RMB
A-056A-6ST,?36 Long flat vacuuming head,Sparepart-vacuum-cleaner,"15,130","21,182",2,,,CB,A-056A-6,0.85,USD
CB-900E,"3 Speed blower, plastic fan  yellow cable",blower,"1,246,000","1,744,400",2,,,CB,CB-900E,445,RMB
SC-900,3-Speed Blower(220V 50Hz 900W) PLASTIC GEAR,blower,"1,260,000","1,764,000",2,,,JPET,SC-900,450,RMB
HY31,Carpet Extraction Machine(220V),extractor,"11,620","16,268",2,packing size: 1110×550×945mm; net weight: 46.2kg; gross weight: 65kg; clean water tank capacity: 21L; dirty water tank capacity: 38L; voltage/frequency: 220V~/50Hz; rolling brush speed: 1400rpm; rolling brush motor: 180w; rolling brush width: 400mm; Suaion motor: 1000W X 2; water sucker: 460mm; suction: 34 kpa; air volume: 335m³/h; water pumps: 110W; water pressure: 30PSL,,CB,HY31,4.15,RMB
HY1500C,High speed polisher,floor-machine,"5,096","7,134",2,"power: 1800W; brush diameter: 20""; voltage/frequency: 220V-50Hz; speed: 1500rpm",,CB,HY1500C,1.82,RMB
A-002,175RPM Multi-functional Floor Machine(220V/1100W)  yellow cable,floor-machine,"4,116","5,762",2,"power: 1100W; brush diameter: 17""; voltage: 220V-50Hz; speed: 175rpm",,CB,A-002,1.47,RMB
A-001,154 Multi-functional Floor Machine  Old motor with 12m cable,floor-machine,"3,880,400","5,432,560",2,,,CB,A-001,218,USD
A-001N,154 Multi-functional Floor Machine  New motor with 8m cable,floor-machine,"3,560,000","4,984,000",2,,,CB,A-001N,200,USD
FM1102,175 FLOOR MACHINE.750W,floor-machine,"4,628,000","6,479,200",2,,,STL,FM1102,260,USD
FM1203,"175 Floor Machine, 1500W",floor-machine,"7,031,000","9,843,400",2,,,STL,FM1203,395,USD
FM1205,"175 Floor Machine, 1800W",floor-machine,"7,120,000","9,968,000",2,,,STL,FM1205,400,USD
A-056B-7CB,LONG CONNECTOR,Sparepart-vacuum-cleaner,"23,520","32,928",2,,,CB,A-056B-7,8.4,RMB
A-056B-7ST,LONG CONNECTOR,Sparepart-vacuum-cleaner,"21,360","29,904",2,,,CB,A-056B-7,1.2,USD
A-056B-8CB,SHORT CONNECTOR,Sparepart-vacuum-cleaner,"17,640","24,696",2,,,CB,A-056B-8,6.3,RMB
B-039,Hand-held tool bucket  Product size: 39 X 28 X 19.2 CM,janitorial,"19,880","27,832",2,Product Size: 39 X 28 X 19.2cm; Packing size: 57x41x58.5cm; Packing: 20pcs/CTN,,CB,B-039,7.1,RMB
B-040-1,36L Single mop wringer trolley with plastic wheel   - Old type,janitorial,"246,400","344,960",2,,,CB,B-040-1,88,RMB
B-040-1 M,36L SINGLE MOP WRINGER TROLLEY WITH METAL WHEEL,janitorial,"277,680","388,752",2,,,CB,B-040-1 M,15.6,USD
B-040D-1,32L SINGLE MOP WRINGER TROLLEY WITH PLASTIC WHEEL,janitorial,"268,780","376,292",2,,,CB,B-040D-1,15.1,USD
B-040-2,36L Single mop wringer trolley with plastic wheel   - New type,janitorial,"201,600","282,240",2,,,CB,B-040-2,72,RMB
B-045B,Double mop wringer trolley,janitorial,"378,000","529,200",2,Product Size: 78x42x96.5cm; Packing size: 86.5X44.5X52cm; Capacity: 36L; Packing: 1pcs/CTN,,CB,B-045B,135,RMB
A-056B-8ST,SHORT CONNECTOR,Sparepart-vacuum-cleaner,"16,020","22,428",2,,,CB,A-056B-8,0.9,USD
A072D-17,"17"" 175 DRIVING PLATE",sparepart-floor-machine,"156,800","219,520",2,"Product Size: 17""",,CB,A-072D,56,RMB
A072D-18,"18"" 175 DRIVING PLATE",sparepart-floor-machine,"173,600","243,040",2,"Product Size: 17""",,CB,A-072D,62,RMB
C-069,45cm window squeezee,janitorial,"2,716","3,802",2,,,CB,C-069,0.97,RMB
AC521,JIEBA Burnisher - old handle : GREY,floor-machine,"3,560,000","4,984,000",2,,,BYN,AC521,200,USD
AC521HND,Handle for BF521,sparepart-floor-machine,"623,000","872,200",2,,,BYN,AC521,35,USD
AC522NEW,JIEBA Burnisher - new handle : BLUE,floor-machine,"3,649,000","5,108,600",2,,,BYN,AC522,205,USD
C-080,"42"" RUBBER STRIP",janitorial,"5,600","7,840",2,,,CB,C-080,2,RMB
C-087,ROUND DUST BRUSH,janitorial,"26,040","36,456",2,,,CB,C-087,9.3,RMB
C-036,"22"" Plastic Sponge Squeegee",janitorial,"42,000","58,800",2,,,CB,C-036,15,RMB
C-037,"30"" Plastic sponge squeegee",janitorial,"49,840","69,776",2,,,CB,C-037,17.8,RMB
C-414,"24"" Microfiber mop set",janitorial,"107,240","150,136",2,,,CB,C-414,38.3,RMB
AC522OLD,JIEBA Burnisher - old handle : BLUE,floor-machine,"3,560,000","4,984,000",2,,,BYN,AC522,200,USD
C-413-1,"16"" Refill microfiber head",janitorial,"28,480","39,872",2,,,CB,C-413-1,1.6,USD
AC522HND,Handle for BF522,sparepart-floor-machine,"792,100","1,108,940",2,,,BYN,AC522,44.5,USD
B-044C,25L Single mop wringer trolley,janitorial,"254,540","356,356",2,,,CB,B-044C,14.3,USD
B-134,A sharp caution board,janitorial,"25,810","36,134",2,,,CB,B-134,1.45,USD
B-134-S,New small sharp of caution board,janitorial,"40,940","57,316",2,Material: PP; Packing size: 64 X 31 X 26cm; Packing: 10pcs/CTN,,CB,B-134-S,2.3,USD
A-002WHEL,Wheel for A-002,Sparepart-vacuum-cleaner,"16,020","22,428",2,"power: 1100W; brush diameter: 17""; voltage: 220V-50Hz; speed: 175rpm",,CB,A-002,0.9,USD
H0701,CAUTION BOARD-Caution wet floor,janitorial,"25,810","36,134",2,,,JJIKAE,H0701,1.45,USD
H0706,CAUTION BOARD-Cleaning in progress,janitorial,"25,810","36,134",2,,,JJIKAE,H0706,1.45,USD
C-048CB,3.00m telescopic pole,janitorial,"64,400","90,160",2,,,CB,C-048,23,RMB
C-048ST,TELESCOPIC 2 x 3M,janitorial,"48,594","68,032",2,,,STL,C-048,2.73,USD
C-055CB,6.00m telescopic pole,janitorial,"151,200","211,680",2,,,CB,C-055,54,RMB
C-055ST,TELESCOPIC 3 x 6M,janitorial,"113,920","159,488",2,,,STL,C-055,6.4,USD
C-057CB,9.00m telescopic pole,janitorial,"224,000","313,600",2,,,CB,C-057,80,RMB
C-057ST,TELESCOPIC 3 x 9M,janitorial,"169,100","236,740",2,,,STL,C-057,9.5,USD
AF08068,Single bucket 20ltr,janitorial,"124,600","174,440",2,,,STL,AF08068,7,USD
AF08404,Tools Basket-Small size,janitorial,"19,580","27,412",2,,,BYN,AF08404,1.1,USD
AF08079,24L Deluxe Wringer,janitorial,"186,900","261,660",2,,,BYN,AF08079,10.5,USD
AF08080,32L Deluxe Wringer (FOC),janitorial,"178,000","249,200",2,,,BYN,AF08080,10,USD
AF08080B,32L Deluxe Wringer (FOC),janitorial,"178,000","249,200",2,,,BYN,AF08080B,10,USD
AF08070A,36L Deluxe Wringer,janitorial,"231,400","323,960",2,,,BYN,AF08070A,13,USD
AF01209,Dustpan & Brush set  -Long handle,janitorial,"83,660","117,124",2,,,BYN,AF01209,4.7,USD
AF01205A,Dustpan & brush set (plastic handle)-with brush,janitorial,"56,960","79,744",2,,,BYN,AF01205A,3.2,USD
AF08064,36L Side press 2-bucket wringer trolley (FOC),janitorial,"178,000","249,200",2,,,BYN,AF08064,10,USD
AF08098A,25L down press wringer trolley (FOC),janitorial,"178,000","249,200",2,,,BYN,AF08098A,10,USD
119559,AMETEK DRY MOTOR,motor,"436,100","610,540",2,,,STL,119559,24.5,USD
122436,Motor ametek 2 stage wet n dry,motor,"409,400","573,160",2,,,STL,122436,23,USD
119656,Motor ametek 2 stage wet n dry,motor,"409,400","573,160",2,,,STL,119656,23,USD
BR130#1,small brush 130mm #1,others,"44,500","62,300",2,,,STL,BR130#1,2.5,USD
BR130#2,small brush 130mm #2,others,"44,500","62,300",2,,,STL,BR130#2,2.5,USD
MP18#17,suction motor,sparepart-autosrubber,"725,200","1,015,280",2,,,JPET,MP18#17,259,RMB
MP18BM,MP18-T1 BRUSH MOTOR,sparepart-autosrubber,1,1,2,,,JPET,MP18BM,0,RMB
K1CTRL,TC55-K1 controller,sparepart-autosrubber,1,1,2,,,JPET,K1CTRL,0,RMB
K7CTRL,K7 controller,sparepart-autosrubber,1,1,2,,,JPET,K7CTRL,0,RMB
K1WHL,K1 wheel,sparepart-autosrubber,1,1,2,,,JPET,K1WHL,0,RMB
SC2A #1,"XD218#""decorative panel",sparepart-autosrubber,"45,276","63,386",2,,,JPET,SC2A #1,16.17,RMB
SC2A #2,TM4×12,sparepart-autosrubber,"1,064","1,490",2,,,JPET,SC2A #2,0.38,RMB
SC2A #2-1,M4 self locking,sparepart-autosrubber,616,862,2,,,JPET,SC2A #2-1,0.22,RMB
SC2A #3,R8.4 thread ear,sparepart-autosrubber,448,627,2,,,JPET,SC2A #3,0.16,RMB
SC2A #4,sliding U--shaped support,sparepart-autosrubber,"12,796","17,914",2,,,JPET,SC2A #4,4.57,RMB
SC2A #16,PM5×40,sparepart-autosrubber,"1,484","2,078",2,,,JPET,SC2A #16,0.53,RMB
SC2A #16-1,f5×10×1 washer,sparepart-autosrubber,"1,484","2,078",2,,,JPET,SC2A #16-1,0.53,RMB
SC2A #16-2,M5 self-locking,sparepart-autosrubber,"1,484","2,078",2,,,JPET,SC2A #16-2,0.53,RMB
SC2A #17,handle,sparepart-autosrubber,"14,420","20,188",2,,,JPET,SC2A #17,5.15,RMB
SC2A #18,Sewage tank,sparepart-autosrubber,"837,900","1,173,060",2,,,JPET,SC2A #18,299.25,RMB
SC2A #8,1200 mm steel pipe,sparepart-autosrubber,"130,536","182,750",2,,,JPET,SC2A #8,46.62,RMB
SC2A #20,steel wire tube 600mm,sparepart-autosrubber,"106,540","149,156",2,,,JPET,SC2A #20,38.05,RMB
SC2A #24,steel wire tube 990mm,sparepart-autosrubber,"116,620","163,268",2,,,JPET,SC2A #24,41.65,RMB
SC2A #31,steel wire tube 600mm,sparepart-autosrubber,"106,540","149,156",2,,,JPET,SC2A #31,38.05,RMB
SC2A CBL,Cable for SC2A 18 m,sparepart-autosrubber,"442,400","619,360",2,,,JPET,SC2A CBL,158,RMB
JP-1360LM,JP-1360 LIFTING MOTOR,sparepart-autosrubber,"506,800","709,520",2,,,JPET,JP-1360LM,181,RMB
GT70BM #14,BRUSH MOTOR #14 For GT70,sparepart-autosrubber,"3,560,000","4,984,000",2,,,STL,GT70BM #14,200,USD
GT70CTRL,CONTROLLER For GT70,sparepart-autosrubber,"1,691,000","2,367,400",2,,,STL,GT70CTRL,95,USD
GT70ACLR,ACCELERATOR For GT70,sparepart-autosrubber,"356,000","498,400",2,,,STL,GT70ACLR,20,USD
GT70 #2,COVER #2 For GT70,sparepart-autosrubber,"462,800","647,920",2,,,STL,GT70 #2,26,USD
GT70 #11,BUMPER WHEEL #11 For GT70,sparepart-autosrubber,"46,280","64,792",2,,,STL,GT70 #11,2.6,USD
GT70 #15,BRUSH DRIVER-LEFT #15 For GT70,sparepart-autosrubber,"178,000","249,200",2,,,STL,GT70 #15,10,USD
GT70BRS #16,22'' BRUSH #16 For GT70,sparepart-autosrubber,"712,000","996,800",2,,,STL,GT70BRS #16,40,USD
GT70 #26,NUT #26 For GT70,sparepart-autosrubber,"35,600","49,840",2,,,STL,GT70 #26,2,USD
GT70 #35,FLAT WASHER #35 For GT70,sparepart-autosrubber,890,"1,246",2,,,STL,GT70 #35,0.05,USD
GT70 #36,WASHER #36 For GT70,sparepart-autosrubber,"1,424","1,994",2,,,STL,GT70 #36,0.08,USD
GT70 #37,PLATE #37 For GT70,sparepart-autosrubber,"151,300","211,820",2,,,STL,GT70 #37,8.5,USD
GT70 #38,WASHER #38 For GT70,sparepart-autosrubber,"71,200","99,680",2,,,STL,GT70 #38,4,USD
Y66B KEYS,KEY Set For AutoScrubber Y66B,sparepart-autosrubber,"14,240","19,936",2,,,STL,Y66B KEYS,0.8,USD
HY55B,Motor Drive For HY55B,sparepart-autosrubber,"4,183,000","5,856,200",2,"Packing size: 1450 X 660 X 1240mm; Maximum Working efficiency: 3300m²/h; Width Of Suction Head: 830mm; Working Width: 550mm; Brush Diameter: 22""; Washing Brush Speed: 155rpm; Washing Brush Pressure: 30kg; Voltage: 24V DC; Washing Brush Power: 550W; Running Motor Power: 300W; Running Speed: 0-5km/h; Maximum Gradeability: 10°; Suction Motor Power: 500W; Clean Water Tank Volume: 80L; Sewage Tank Volume: 70L; Working Time: 3~4hours; Charging Time: 8hours; battery: 12VDC X 2",,STL,HY55B,235,USD
Y66B BRS,"14"" brush For Y66B",sparepart-autosrubber,"267,000","373,800",2,,,STL,Y66B BRS,15,USD
DC50SQZE,"RUBBER SQUEEZEE For AS815,DC50 NEW",sparepart-autosrubber,"347,100","485,940",2,,,STL,DC50SQZE,19.5,USD
AS813BWEEL,AS813 BIG WHEELS,sparepart-autosrubber,"258,100","361,340",2,,,STL,AS813BWEEL,14.5,USD
AS815BWEEL,AS815 BIG WHEELS,sparepart-autosrubber,"258,100","361,340",2,,,STL,AS815BWEEL,14.5,USD
sj530C Brsh,Carbon Brush for Brush Motor SJ530C,sparepart-autosrubber,"26,700","37,380",2,,,LESP,sj530C Brsh,1.5,USD
SJ530MGNT,Magnetic Center Brush For 530,sparepart-autosrubber,"249,200","348,880",2,,,LESP,SJ530MGNT,14,USD
K1BATT,12V 100Ah Chilwee Battery For K1 (pair),sparepart-autosrubber,"5,696,000","7,974,400",2,,,JPET,K1BATT,320,USD
K1BATTL,12V 100Ah Standard Battery For K1 (pair),sparepart-autosrubber,"4,806,000","6,728,400",2,,,JPET,K1BATTL,270,USD
K1CHAR,Charger 24V-15Ah For K1,sparepart-autosrubber,"1,032,400","1,445,360",2,,,JPET,K1CHAR,58,USD
K1LIN,Rubber Strip (Linatex) For K1,sparepart-autosrubber,"309,364","433,110",2,,,JPET,K1LIN,17.38,USD
K1SQZ,Complete Squeegee assembly(Linatex strip) For K1,sparepart-autosrubber,"876,294","1,226,812",2,,,JPET,K1SQZ,49.23,USD
K1DRHOS,Drain Hose For K1,sparepart-autosrubber,"126,024","176,434",2,,,JPET,K1DRHOS,7.08,USD
K1SCHOS,Suction Hose For K1,sparepart-autosrubber,"131,364","183,910",2,,,JPET,K1SCHOS,7.38,USD
K1BRUS,"21"" floor brush For K1",sparepart-autosrubber,"287,470","402,458",2,,,JPET,K1BRUS,16.15,USD
K1HODL,"21"" pad hodler For K1",sparepart-autosrubber,"301,176","421,646",2,,,JPET,K1HODL,16.92,USD
C-067CB,35cm Stainless steel window squeegee,janitorial,"14,000","19,600",2,,,CB,C-067,5,RMB
C-067ST,"WINDOW SQUEEZEE , 35CM",janitorial,"20,470","28,658",2,,,STL,C-067,1.15,USD
K1VALV,Solenoid Valve For K1,sparepart-autosrubber,"104,130","145,782",2,,,JPET,K1VALV,5.85,USD
C-070CB,35cm Glass washer,janitorial,"11,760","16,464",2,,,CB,C-070,4.2,RMB
C-070ST,35CM GLASS WATER SCRAPE,janitorial,"12,816","17,942",2,,,STL,C-070,0.72,USD
K1STIC,Panel sticker For K1,sparepart-autosrubber,"41,118","57,565",2,,,JPET,K1STIC,2.31,USD
K1AME,Suction Motor (Ametek) For K1,sparepart-autosrubber,"1,306,164","1,828,630",2,,,JPET,K1AME,73.38,USD
K1MOTO,Brush Motor(HengYe) For K1,sparepart-autosrubber,"2,612,506","3,657,508",2,,,JPET,K1MOTO,146.77,USD
K1WHSQ,Water Squeegee universal wheel For K1,sparepart-autosrubber,"29,014","40,620",2,,,JPET,K1WHSQ,1.63,USD
K1WHSQBT,Bottom universal wheel For K1,sparepart-autosrubber,"109,470","153,258",2,,,JPET,K1WHSQBT,6.15,USD
K1WHEE,8inch big wheel For K1,sparepart-autosrubber,"347,812","486,937",2,,,JPET,K1WHEE,19.54,USD
C-074CB,35cm Glass washer head - Spare,janitorial,"6,440","9,016",2,,,CB,C-074,2.3,RMB
C-074ST,COTTON COVER OF 35CM GLASS WATER SCRAPE,janitorial,"9,256","12,958",2,,,STL,C-074,0.52,USD
K1KNOB8,Squeegee Knob M8 For K1,sparepart-autosrubber,"11,036","15,450",2,,,JPET,K1KNOB8,0.62,USD
K1KNOB10,Squeegee Knob M10 For K1,sparepart-autosrubber,"9,790","13,706",2,,,JPET,K1KNOB10,0.55,USD
K1BALL,Flooting Ball For K1,sparepart-autosrubber,"95,764","134,070",2,,,JPET,K1BALL,5.38,USD
K1SQFRAM,Squeegee Main Body For K1,sparepart-autosrubber,"410,824","575,154",2,,,JPET,K1SQFRAM,23.08,USD
K1COTT,sound absorbing cotton For K1,sparepart-autosrubber,"16,376","22,926",2,,,JPET,K1COTT,0.92,USD
K6BATT,12V 120Ah Chilwee Battery SET For K6,sparepart-autosrubber,"6,977,600","9,768,640",2,,,JPET,K6BATT,392,USD
K6CHAR,Charger 24V-15Ah For K6,sparepart-autosrubber,"1,032,400","1,445,360",2,,,JPET,K6CHAR,58,USD
K6LIN,Rubber Strip (Linatex) For K6,sparepart-autosrubber,"388,930","544,502",2,,,JPET,K6LIN,21.85,USD
K6SQZ,Complete Squeegee assembly(Linatex strip)For K6,sparepart-autosrubber,"1,754,012","2,455,617",2,,,JPET,K6SQZ,98.54,USD
K6SCHOS,suction hose For K6,sparepart-autosrubber,"106,800","149,520",2,,,JPET,K6SCHOS,6,USD
K6DRHOS,drain hose For K6,sparepart-autosrubber,"123,176","172,446",2,,,JPET,K6DRHOS,6.92,USD
K6MBRUS,"13"" floor brush-Malish For K6",sparepart-autosrubber,"328,588","460,023",2,,,JPET,K6MBRUS,18.46,USD
K6MPAD,"13"" pad hodler-Malish For K6",sparepart-autosrubber,"356,000","498,400",2,,,JPET,K6MPAD,20,USD
K6LBRUS,"13"" floor brush-Local For K6",sparepart-autosrubber,"150,588","210,823",2,,,JPET,K6LBRUS,8.46,USD
K6LPAD,"13"" pad hodler-Local For K6",sparepart-autosrubber,"150,588","210,823",2,,,JPET,K6LPAD,8.46,USD
K6ECU,Controller Board For K6,sparepart-autosrubber,"3,628,530","5,079,942",2,,,JPET,K6ECU,203.85,USD
K6CIRBD,Circuit board For K6,sparepart-autosrubber,"609,650","853,510",2,,,JPET,K6CIRBD,34.25,USD
K6VALV,Solenoid Valve For K6,sparepart-autosrubber,"104,130","145,782",2,,,JPET,K6VALV,5.85,USD
K6FILT,Water Filter For K6,sparepart-autosrubber,"71,200","99,680",2,,,JPET,K6FILT,4,USD
K6SWTH,on/off Key Switch For K6,sparepart-autosrubber,"57,494","80,492",2,,,JPET,K6SWTH,3.23,USD
K6AME,Ametek Suction Motor For K6,sparepart-autosrubber,"1,513,000","2,118,200",2,,,JPET,K6AME,85,USD
K6MOTO,HengYe Brush Motor For K6,sparepart-autosrubber,"1,922,400","2,691,360",2,,,JPET,K6MOTO,108,USD
K6WHSQ,Water Squeegee universal wheel For K6,sparepart-autosrubber,"34,532","48,345",2,,,JPET,K6WHSQ,1.94,USD
K6WEE,10inch big wheel For K6,sparepart-autosrubber,"848,170","1,187,438",2,,,JPET,K6WEE,47.65,USD
K6EMER,Emergency switch For K6,sparepart-autosrubber,"41,118","57,565",2,,,JPET,K6EMER,2.31,USD
K7BATT,6V 200AH CHILWEE Battery (4PCS)PRICE FOR 4PCS For K7,sparepart-autosrubber,"11,214,000","15,699,600",2,,,JPET,K7BATT,630,USD
K7CHAR,Charger 24V 25Ah For K7,sparepart-autosrubber,"1,922,400","2,691,360",2,,,JPET,K7CHAR,108,USD
K7LIN,Linatex Rubber Strip For K7,sparepart-autosrubber,"516,200","722,680",2,,,JPET,K7LIN,29,USD
K7SQZ,Complete Squeegee assembly(Linatex strip) For K7,sparepart-autosrubber,"1,869,000","2,616,600",2,,,JPET,K7SQZ,105,USD
K7SCHOS,suction hose For K7,sparepart-autosrubber,"131,364","183,910",2,,,JPET,K7SCHOS,7.38,USD
K7DRHOS,drain-pipe For K7,sparepart-autosrubber,"123,176","172,446",2,,,JPET,K7DRHOS,6.92,USD
K7MBRUS,17'' floor brush-Malish For K7,sparepart-autosrubber,"435,388","609,543",2,,,JPET,K7MBRUS,24.46,USD
K7MPAD,17'' Pad driver-Malish For K7,sparepart-autosrubber,"449,094","628,732",2,,,JPET,K7MPAD,25.23,USD
K7LBRUS,"17"" Floor Brush local For K7",sparepart-autosrubber,"254,540","356,356",2,,,JPET,K7LBRUS,14.3,USD
K7LPAD,"17"" Floor pad holder local For K7",sparepart-autosrubber,"267,000","373,800",2,,,JPET,K7LPAD,15,USD
K7ECU,Controller Board For K7,sparepart-autosrubber,"3,702,400","5,183,360",2,,,JPET,K7ECU,208,USD
K7CIRBD,Circuit board For K7,sparepart-autosrubber,"657,176","920,046",2,,,JPET,K7CIRBD,36.92,USD
K7VALV,Solenoid Valve For K7,sparepart-autosrubber,"104,130","145,782",2,,,JPET,K7VALV,5.85,USD
K7FILT,Filter For K7,sparepart-autosrubber,"71,200","99,680",2,,,JPET,K7FILT,4,USD
K7SWTH,on/off Key Switch For K7,sparepart-autosrubber,"57,494","80,492",2,,,JPET,K7SWTH,3.23,USD
K7AME,Ametek Brand Suction Motor For K7,sparepart-autosrubber,"2,190,824","3,067,154",2,,,JPET,K7AME,123.08,USD
K7MOTO,HY Brand Brush Motor For K7,sparepart-autosrubber,"2,127,812","2,978,937",2,,,JPET,K7MOTO,119.54,USD
K7LIFT,HY Brand Lifting Motor For K7,sparepart-autosrubber,"890,000","1,246,000",2,,,JPET,K7LIFT,50,USD
K7COVBR,Brush Cover For K7,sparepart-autosrubber,"63,012","88,217",2,,,JPET,K7COVBR,3.54,USD
K7ACCEL,accelerator For K7,sparepart-autosrubber,"775,012","1,085,017",2,,,JPET,K7ACCEL,43.54,USD
K7WARNI,Warning Light For K7,sparepart-autosrubber,"145,070","203,098",2,,,JPET,K7WARNI,8.15,USD
K7WEE,11inch big wheel For K7,sparepart-autosrubber,"934,500","1,308,300",2,,,JPET,K7WEE,52.5,USD
K7WHSQ,Water Squeegee universal wheel For K7,sparepart-autosrubber,"34,532","48,345",2,,,JPET,K7WHSQ,1.94,USD
K7EMERG,Emergency switch For K7,sparepart-autosrubber,"41,118","57,565",2,,,JPET,K7EMERG,2.31,USD
K8BATT,6V 200Ah Chilwee Battery,sparepart-autosrubber,"11,214,000","15,699,600",2,,,JPET,K8BATT,630,USD
K8CHAR,charger,sparepart-autosrubber,"1,916,882","2,683,635",2,,,JPET,K8CHAR,107.69,USD
K8RSQL,Rubber strip CN (one set),sparepart-autosrubber,"232,824","325,954",2,,,JPET,K8RSQL,13.08,USD
K8SQZ,Water Squeegee Assembly(one set),sparepart-autosrubber,"870,776","1,219,086",2,,,JPET,K8SQZ,48.92,USD
K8LIN,Rubber strip (one set),sparepart-autosrubber,"460,130","644,182",2,,,JPET,K8LIN,25.85,USD
K8WRSQ,Water Squeegee Assembly(one set),sparepart-autosrubber,"1,643,118","2,300,365",2,,,JPET,K8WRSQ,92.31,USD
K8SCHOS,suction hose,sparepart-autosrubber,"131,364","183,910",2,,,JPET,K8SCHOS,7.38,USD
K8DRHOS,drain-pipe,sparepart-autosrubber,"123,176","172,446",2,,,JPET,K8DRHOS,6.92,USD
K8LBRUS,"15"" floor brush",sparepart-autosrubber,"219,118","306,765",2,,,JPET,K8LBRUS,12.31,USD
K8LPAD,"15"" pad hodler",sparepart-autosrubber,"232,824","325,954",2,,,JPET,K8LPAD,13.08,USD
K8MBRUS,"15"" floor brush",sparepart-autosrubber,"369,706","517,588",2,,,JPET,K8MBRUS,20.77,USD
K8MPAD,"15"" pad hodler",sparepart-autosrubber,"383,412","536,777",2,,,JPET,K8MPAD,21.54,USD
K8ECU,Controller Board,sparepart-autosrubber,"3,702,400","5,183,360",2,,,JPET,K8ECU,208,USD
K8CIRBD,Circuit board,sparepart-autosrubber,"657,176","920,046",2,,,JPET,K8CIRBD,36.92,USD
K8VALV,Solenoid Valve,sparepart-autosrubber,"104,130","145,782",2,,,JPET,K8VALV,5.85,USD
K8FILT,filter,sparepart-autosrubber,"54,824","76,754",2,,,JPET,K8FILT,3.08,USD
K8SWTH,on/off Key Switch,sparepart-autosrubber,"57,494","80,492",2,,,JPET,K8SWTH,3.23,USD
K8AME,Suction Motor,sparepart-autosrubber,"958,530","1,341,942",2,,,JPET,K8AME,53.85,USD
K8MOTO,Brush Motor,sparepart-autosrubber,"1,862,236","2,607,130",2,,,JPET,K8MOTO,104.62,USD
K8WHSQ,Water Squeegee universal wheel,sparepart-autosrubber,"34,532","48,345",2,,,JPET,K8WHSQ,1.94,USD
K8ACCEL,accelerator,sparepart-autosrubber,"775,012","1,085,017",2,,,JPET,K8ACCEL,43.54,USD
K8WARN,Warning Light,sparepart-autosrubber,"145,070","203,098",2,,,JPET,K8WARN,8.15,USD
K8EMERG,Emergency switch,sparepart-autosrubber,"41,118","57,565",2,,,JPET,K8EMERG,2.31,USD
Y66WHELL,"Y66B BACK WHEEL, old model",sparepart-autosrubber,"907,800","1,270,920",2,,,BYN,Y66WHELL,51,USD
Y66COVBR,Red rubber cover set for A66-B brush,sparepart-autosrubber,"117,480","164,472",2,,,BYN,Y66COVBR,6.6,USD
Y66SQR,Rubber squeegee set for Y66-B,sparepart-autosrubber,"361,340","505,876",2,,,BYN,Y66SQR,20.3,USD
YMX14001,14'' Floor brush,sparepart-autosrubber,"137,060","191,884",2,,,BYN,YMX14001,7.7,USD
Y66ACCL,Accelerator for Y66-B,sparepart-autosrubber,"765,400","1,071,560",2,,,BYN,Y66ACCL,43,USD
HY31BRS,REFILL BRUSH,sparepart-extractor,"235,200","329,280",2,,,CB,HY31BRS,84,RMB
DTJ2A FILTS,Filter set,sparepart-extractor,"133,500","186,900",2,,,CB,DTJ2A FILTS,7.5,USD
DTJ2AFIL,Filter,sparepart-extractor,"67,640","94,696",2,,,CB,DTJ2AFIL,3.8,USD
HY31GUNBL,BLACK GUN SPRAYER FOR HY31,sparepart-extractor,"142,400","199,360",2,,,STL,HY31GUNBL,8,USD
LC30SC,SPRAY GUN Extractor LC,sparepart-extractor,"409,400","573,160",2,,,STL,LC30SC,23,USD
A-008,SMALL WATER TANK,sparepart-floor-machine,"168,000","235,200",2,,,CB,A-008,60,RMB
A-005,CHASIS + WHEEL,sparepart-floor-machine,"470,400","658,560",2,"power: 1100W; brush diameter: 17""; voltage: 220V-50Hz; speed: 154rpm",,CB,A-005,168,RMB
A-071C,"17"" 154 PAD HOLDER",sparepart-floor-machine,"101,360","141,904",2,"Product Size: 17""",,CB,A-071C,36.2,RMB
A-072C,"18"" 175 PAD HOLDER",sparepart-floor-machine,"101,360","141,904",2,"Product Size: 17""",,CB,A-072C,36.2,RMB
A-072B,"17"" 175 CARPET BRUSH",sparepart-floor-machine,"101,360","141,904",2,"Product Size: 17""",,CB,A-072B,36.2,RMB
A-071B,"17"" 154 CARPET BRUSH",sparepart-floor-machine,"101,360","141,904",2,"Product Size: 17""",,CB,A-071B,36.2,RMB
A-072A,"17"" 175 FLOOR BRUSH",sparepart-floor-machine,"101,360","141,904",2,"Product Size: 17""",,CB,A-072A,36.2,RMB
A-071A,"17"" 154 FLOOR BRUSH",sparepart-floor-machine,"101,360","141,904",2,"Product Size: 17""",,CB,A-071A,36.2,RMB
C-414-1ST,"24"" MOP HEAD",janitorial,"25,810","36,134",2,,,CB,C-414-1,1.45,USD
C-414-1CB,"24"" Mop head",janitorial,"26,880","37,632",2,,,CB,C-414-1,9.6,RMB
HY12,"17"" FLOOR BRUSH",sparepart-floor-machine,"101,360","141,904",2,"Voltage: 6VDC x 6 (36VDC); Running matar power: 650W; Washing Brush Power: 2x480W; Swt ion Motor power: 560W; Eure Power: 2689W; Maximum Working efficiency: 3816m²/h; Brush Drameter: 17""(432mm); Widehof SwtionHead: 1067mm; Clean water Tank Volume: 135L; Sewag e Tank Volume: 129L; Quantity of Brush: 2x17""",,CB,HY12,36.2,RMB
A-005HANCOV,PLASTIC HANDLE COVER WITH SCREW,sparepart-floor-machine,"71,200","99,680",2,,,CB,A-005HANCOV,4,USD
A-056A-7-30,30M OF 36MM FLEXIBLE HOSE,sparepart-floor-machine,"462,800","647,920",2,,,CB,A-056A-7-30,26,USD
A-056B-6-30,30M OF 40MM FLEXIBLE HOSE,sparepart-floor-machine,"534,000","747,600",2,,,CB,A-056B-6-30,30,USD
CB900E,PLASTIC FAN BLADE,sparepart-floor-machine,"117,600","164,640",2,,,CB,CB900E,42,RMB
A-005LEV,BLACK LEVER HANDLE WHOLE SET,sparepart-floor-machine,"19,880","27,832",2,,,CB,A-005LEV,7.1,RMB
A-005BAS,Base Frame A005,sparepart-floor-machine,"329,300","461,020",2,,,CB,A-005BAS,18.5,USD
PAD16WH,"ALPHAPAD 16"" WHITE",sparepart-floor-machine,"21,182","29,655",2,,,STL,PAD16WH,1.19,USD
PAD17WH,"ALPHAPAD 17"" WHITE",sparepart-floor-machine,"23,852","33,393",2,,,STL,PAD17WH,1.34,USD
PAD17BL,"ALPHAPAD 17"" BLACK",sparepart-floor-machine,"27,412","38,377",2,,,STL,PAD17BL,1.54,USD
SC002/005,"Switch on/off polisher 154,175",sparepart-floor-machine,"80,990","113,386",2,,,STL,SC002/005,4.55,USD
1102BASE,BASE PLATE(without rubber bumper),sparepart-floor-machine,"445,000","623,000",2,,,STL,1102BASE,25,USD
1203RUBH,"rubber head For FM 1202,1203,1205",sparepart-floor-machine,"26,700","37,380",2,,,STL,1203RUBH,1.5,USD
FMSWCH,Switch on/off polisher For FM Model,sparepart-floor-machine,"151,300","211,820",2,,,STL,FMSWCH,8.5,USD
CB-900N,3 Speed blower,blower,"1,022,000","1,430,800",2,Packing size: 530 X 420 X 600mm; voltage/frequency: 220V-50Hz; power: 900W; Maximum wind speed: 23m/s; rotation speed: High/Medium/Low; air flow rate: 160/130/110 m³/min; colour: blue grey; Timed time: 0~180min,,CB,CB-900N,365,RMB
BF521COVH-R,Handle cover set for BF521-Red,sparepart-floor-machine,"56,070","78,498",2,,,BYN,BF521COVH-R,3.15,USD
BF521COVH-B,Handle cover set for BF522-Blue,sparepart-floor-machine,"56,070","78,498",2,,,BYN,BF521COVH-B,3.15,USD
JP-1360SB,Side brush for JP-1360,sparepart-sweeper,"173,600","243,040",2,,,JPET,JP-1360SB,62,RMB
SJ1400SB,"Side Brush For Sweeper 1360,1400",sparepart-sweeper,"153,436","214,810",2,,,STL,SJ1400SB,8.62,USD
SJ2100SB,Side Brush For Sweeper 2100,sparepart-sweeper,"284,800","398,720",2,,,STL,SJ2100SB,16,USD
SJ2100MB,Main Brush For Sweeper 2100,sparepart-sweeper,"845,500","1,183,700",2,,,STL,SJ2100MB,47.5,USD
SJ2100STERS,STEERING SHAFT SET For 2100,sparepart-sweeper,"409,400","573,160",2,,,LESP,SJ2100STERS,23,USD
SJ2100LMP,Working Top Lamp For SJ2100,sparepart-sweeper,1,1,2,,,LESP,SJ2100LMP,0,USD
A-050,AMETEK DRY/WET MOTOR,Sparepart-vacuum-cleaner,495600,693840,2,Dry Motor (AMETEK MOTOR); packing: 6Pcs/CTN; power: 1000W,,CB,A-050,177,RMB
A-043,AMETEK SUCTIOIN MOTOR,Sparepart-vacuum-cleaner,"798,000","1,117,200",2,Polisher Motor (AMETEK MOTOR); packing: 6Pcs/CTN; power: 1000W,,CB,A-043,285,RMB
BXC2A MTR,AMETEK MOTOR BACKVAC,Sparepart-vacuum-cleaner,"476,000","666,400",2,,,CB,BXC2A MTR,170,RMB
CH60FOAM,SOUND INSULATION COTTON FOR MOTOR,Sparepart-vacuum-cleaner,"19,600","27,440",2,,,CB,CH60FOAM,7,RMB
CH602JVALV,FOUR-LEGS COVERS,Sparepart-vacuum-cleaner,"17,892","25,049",2,,,CB,CH602JVALV,6.39,RMB
CH602J-FL32,FLOATING BALL,Sparepart-vacuum-cleaner,"23,660","33,124",2,,,CB,CH602J-FL32,8.45,RMB
CB80VALV,EIGHT-FOOT COVER,Sparepart-vacuum-cleaner,"5,600","7,840",2,,,CB,CB80VALV,2,RMB
A-056A-8,SHORT CONNECTOR,Sparepart-vacuum-cleaner,"11,760","16,464",2,,,CB,A-056A-8,4.2,RMB
A-056A-9,LONG CONNECTOR,Sparepart-vacuum-cleaner,"19,600","27,440",2,,,CB,A-056A-9,7,RMB
A-056B-1,STEEL TUBE PAIR,Sparepart-vacuum-cleaner,"78,400","109,760",2,,,CB,A-056B-1,28,RMB
A-056B-3,40MM Dust vacuuming head,Sparepart-vacuum-cleaner,"67,640","94,696",2,,,CB,A-056B-3,3.8,USD
"A-056B-6,7,8",FLEXIBLE HOSE SET 40mm,Sparepart-vacuum-cleaner,"108,580","152,012",2,,,CB,"A-056B-6,7,8",6.1,USD
K1ECU,Controller Board For K1,sparepart-autosrubber,"848,882","1,188,435",2,,,JPET,K1BOAR,47.69,USD
K1BOAR,Circuit board For K1,sparepart-autosrubber,"246,530","345,142",2,,,JPET,K1BOAR,13.85,USD
C-018,SUCKER FOR CARPET MACHINE,Sparepart-vacuum-cleaner,"205,800","288,120",2,,,CB,C-018,73.5,RMB
CH602J-HEAD,HEAD,Sparepart-vacuum-cleaner,"672,000","940,800",2,,,CB,CH602J-HEAD,240,RMB
CH903BWHELFR,FRONT WHEELS,Sparepart-vacuum-cleaner,"25,200","35,280",2,,,CB,CH903BWHELFR,9,RMB
CH903BWHELRR,BACK WHEEL,Sparepart-vacuum-cleaner,"42,000","58,800",2,,,CB,CH903BWHELRR,15,RMB
CH30FIL,Filter for 30L vacuum cleaner,Sparepart-vacuum-cleaner,"51,620","72,268",2,,,CB,CH30FIL,2.9,USD
CH 602FIL,FILTER FOR 60-90L VACUUM CLEANER,Sparepart-vacuum-cleaner,"98,000","137,200",2,,,CB,CH 602FIL,35,RMB
K1FILT,Water Filter For K1,sparepart-autosrubber,"71,200","99,680",2,,,JPET,K1FILT,4,USD
A-056B-5,LONG FLAT VACUUMING HEAD,Sparepart-vacuum-cleaner,"18,200","25,480",2,,,CB,A-056B-5,6.5,RMB
K1CLNFILT,Clean tank Filter For K1,sparepart-autosrubber,"30,082","42,115",2,,,JPET,K1FILT,1.69,USD
K1SWITCH,on/off Key Switch For K1,sparepart-autosrubber,"57,494","80,492",2,,,JPET,K1SWIT,3.23,USD
K1VALVE,valve switch For K1,sparepart-autosrubber,"57,494","80,492",2,,,JPET,K1SWIT,3.23,USD
A-056A-1,STEEL TUBE PAIR,Sparepart-vacuum-cleaner,"58,740","82,236",2,,,CB,A-056A-1,3.3,USD
A-056A-3,36MM Dust vacuuming head,Sparepart-vacuum-cleaner,"53,400","74,760",2,,,CB,A-056A-3,3,USD
A-005AXL,AXLE,Sparepart-vacuum-cleaner,"25,200","35,280",2,,,CB,A-005AXL,9,RMB
CH30NBCKL,"TANK BUCKLE FOR AS,APS",Sparepart-vacuum-cleaner,"8,400","11,760",2,,,CB,CH30NBCKL,3,RMB
CH60TANK,Stainless steel water tank no.1,Sparepart-vacuum-cleaner,"320,400","448,560",2,,,CB,CH60TANK,18,USD
CH60BCKL,Tank buckle no.2,Sparepart-vacuum-cleaner,"10,680","14,952",2,,,CB,CH60BCKL,0.6,USD
CH60INLET,Squate connector no.5,Sparepart-vacuum-cleaner,"28,480","39,872",2,,,CB,CH60INLET,1.6,USD
CH60FRX2,X-2 Handle no.7,Sparepart-vacuum-cleaner,"8,900","12,460",2,,,CB,CH60FRX2,0.5,USD
CH60SEWHOS,Sewage pipe no.8/9/10/11,Sparepart-vacuum-cleaner,"49,840","69,776",2,,,CB,CH60SEWHOS,2.8,USD
CH60HDLE,Tilt A pipe no.19,Sparepart-vacuum-cleaner,"71,200","99,680",2,,,CB,CH60HDLE,4,USD
HY85B SQZ,RUBBER OF SQUEEGEE,Sparepart-vacuum-cleaner,"574,000","803,600",2,,,CB,HY85B SQZ,205,RMB
HY-450 MOTBR,BRUSH MOTOR,Sparepart-vacuum-cleaner,"630,000","882,000",2,,,CB,HY-450 MOTBR,225,RMB
CB30CTRL,CONTROLLER BOARD,Sparepart-vacuum-cleaner,"148,400","207,760",2,,,CB,CB30CTRL,53,RMB
CB30MOTBR,BRUSH MOTOR,Sparepart-vacuum-cleaner,"322,000","450,800",2,,,CB,CB30MOTBR,115,RMB
CB30MOTSUC,SUCTION MOTOR,Sparepart-vacuum-cleaner,"274,400","384,160",2,,,CB,CB30MOTSUC,98,RMB
HY12RRWHL,REAR WHEEL,Sparepart-vacuum-cleaner,"994,000","1,391,600",2,,,CB,HY12RRWHL,355,RMB
HY31SCKR,ACCESSORIES FOR SOFASUCKER,Sparepart-vacuum-cleaner,"518,000","725,200",2,,,CB,HY31SCKR,185,RMB
A-051,AMETEK DRY/WET MOTOR(1000W)(220V),Sparepart-vacuum-cleaner,"476,000","666,400",2,Dry&Wet Motor(AMETEK MOT); packing: 6Pcs/CTN; power: 1000W/1200W,,CB,A-051,170,RMB
A-049,Italy WET & DRY VACUUM MOTOR,Sparepart-vacuum-cleaner,"238,000","333,200",2,Dry Motor Dry&Wet Motor; packing: 6Pcs/CTN; power: 1000W/1200W,,CB,A-049,85,RMB
AF08071-BY,60LWringer with two buckets-metal frame-Side press,janitorial,"426,832","597,565",2,,,JPET,AF08071,152.44,RMB
3238FIL,WASHABLE FABRIC FILTER FOR 3238W,Sparepart-vacuum-cleaner,"124,600","174,440",2,,,JJIKAE,3238FIL,7,USD
3239FIL,WASHABLE FABRIC FILTER FOR 3239W/3539W,Sparepart-vacuum-cleaner,"115,700","161,980",2,,,JJIKAE,3239FIL,6.5,USD
3238CART,WASHABLE FILTER CARTRIDGE FOR 3238W/3239W/3539W,Sparepart-vacuum-cleaner,"133,500","186,900",2,,,JJIKAE,3238CART,7.5,USD
3596MANZ,MASTER NOZZLE FOR 3596D,Sparepart-vacuum-cleaner,"69,420","97,188",2,,,JJIKAE,3596MANZ,3.9,USD
3238INL,BODY INLET(SUCTION COUPLER),Sparepart-vacuum-cleaner,"201,140","281,596",2,,,JJIKAE,3238INL,11.3,USD
3596STK,SUCTION PIPE (2PCS/SET) FOR 3596D,Sparepart-vacuum-cleaner,"128,160","179,424",2,,,JJIKAE,3596STK,7.2,USD
RS-25VCMT,upright vacuum motor,Sparepart-vacuum-cleaner,"133,500","186,900",2,,,STL,RS-25VCMT,7.5,USD
RS-25ROLB,upright vacuum roller brush,Sparepart-vacuum-cleaner,"44,500","62,300",2,,,STL,RS-25ROLB,2.5,USD
RS-25HOS,upright vacuum FLEXIBLE HOSE,Sparepart-vacuum-cleaner,"8,900","12,460",2,,,STL,RS-25HOS,0.5,USD
RS-25VBLT,upright vacuum belt,Sparepart-vacuum-cleaner,"17,800","24,920",2,,,STL,RS-25VBLT,1,USD
RS-25BERG,carpet washer BEARING,Sparepart-vacuum-cleaner,"8,900","12,460",2,,,STL,RS-25BERG,0.5,USD
RS-25CRPB,carpet washer ROLLER BRUSH,Sparepart-vacuum-cleaner,"115,700","161,980",2,,,STL,RS-25CRPB,6.5,USD
RS-25SWIC,carpet washer switch,Sparepart-vacuum-cleaner,"8,900","12,460",2,,,STL,RS-25SWIC,0.5,USD
SK13023 GEAR,carpet washer GEAR SET For SK13023,Sparepart-vacuum-cleaner,"8,900","12,460",2,,,STL,SK13023 GEAR,0.5,USD
CH15WHOS,"15, 30LTR WHEEL HOUSE",Sparepart-vacuum-cleaner,890,"1,246",2,,,STL,CH15WHOS,0.05,USD
CB60SERU,Single edge rubber 30ltr UP,Sparepart-vacuum-cleaner,17800,"24,920",2,,,STL,CB60SERU,1,USD
CH30,filter For AS30,Sparepart-vacuum-cleaner,"53,400","74,760",2,,,STL,CH30,3,USD
119436-29,Carbon brush For Ametek Motor,Sparepart-vacuum-cleaner,"142,400","199,360",2,,,STL,119436-29,8,USD
CH60,SUCTION PIPE For 30ltr UP,Sparepart-vacuum-cleaner,"76,540","107,156",2,,,STL,CH60,4.3,USD
ZYW/5.5 Sfil,Star filter without fixed ring For ZYW,Sparepart-vacuum-cleaner,"1,068,000","1,495,200",2,,,STL,ZYW/5.5 Sfil,60,USD
AF-56B3,Dry floor nozzle-old type with wheels,Sparepart-vacuum-cleaner,"19,580","27,412",2,,,BYN,AF-56B3,1.1,USD
JP-1400,Ride-on sweeperwith Gel Battery and charger with Roof,sweeper,"64,736","90,630",2,,,JPET,JP-1400,23.12,RMB
JH2100A,RIDE ON SWEEPER HIGH SPEC,sweeper,"91,670","128,338",2,,,LESP,JH2100A,5.15,USD
SJ530C,FLOOR SCRUBBER (CABLE) 55LTR,sweeper,"11,570,000","16,198,000",2,,,LESP,SJ530C,650,USD
D-10E,CLEANING CART WITH COVER/MOP HOLD/TAIL BOARD,trolley-housekeeping-cart,"406,000","568,400",2,,,CB,D-10E,145,RMB
AF08071-ST,60LWringer with two buckets-metal frame-Side press,trolley-housekeeping-cart,"364,900","510,860",2,,,BYN,AF08071,20.5,USD
AS30,"30L Wet & dry vacuum cleaner  (S.S. tank)(220V 1000W) with Ametek motor, yellow cable",vacuum-cleaner,"1,190,000","1,666,000",2,packing Size: 410 X 410 X 780mm; function: wet and dry; capacity: 30L; power: 1000W; voltage: 220V-240V/50/60Hz; tank diameter: 345mm; mode of cooling: circulating air cooling; air flow rate: 53L/S; vacuum suction: 210mbar; hose diameter: 40mm; colour: yellow,,CB,CH30N,425,RMB
D-11D,Cleaning cart with wringer buckets,trolley-housekeeping-cart,"1,162,000","1,626,800",2,,,CB,D-11D,415,RMB
AS602,"60L Wet & dry vacuum cleaner with indicator  (S.S. tank)(220V 2000W) with Ametek motor, yellow cable",vacuum-cleaner,"2,189,600","3,065,440",2,packing Size: 590 X 525 X 970mm; function: wet and dry; capacity: 60L; power: 2000W; voltage: 220V-240V/50/60Hz; tank diameter: 440mm; mode of cooling: circulating air cooling; air flow rate: 106L/S; vacuum suction: 250mbar; hose diameter: 40mm; colour: turquoise yellow,,CB,CH602J,782,RMB
D-025B -CB,Small Laundry Cart,trolley-housekeeping-cart,"1,204,000","1,685,600",2,,,CB,D-025B,430,RMB
AF08170C,Multifuctional cart,trolley-housekeeping-cart,"338,200","473,480",2,,,BYN,AF08170C,19,USD
AF08170D,Multifuctional cart w cover,trolley-housekeeping-cart,"623,000","872,200",2,,,BYN,AF08170D,35,USD
D-025B -ST,SMALL LAUNDRY CART,trolley-housekeeping-cart,"1,157,000","1,619,800",2,,,STL,D-025B,65,USD
AS15,15L Wet & dry vacuum cleaner   (Plastic tank)(220V 1000W) with Ametek motor  yellow cable,vacuum-cleaner,"1,061,200","1,485,680",2,packing Size: 410 X 410 X 610mm; function: wet and dry; capacity: 15L; power: 1000W; voltage: 220V-240V/50/60Hz; tank diameter: 345mm; mode of cooling: circulating air cooling; air flow rate: 48L/S; vacuum suction: 210mbar; hose diameter: 36mm; colour: turquoise yellow,,CB,CH15B,379,RMB
AS15 I,15L WET & DRY VACUUM CLEANER,vacuum-cleaner,"1,068,000","1,495,200",2,packing Size: 410 X 410 X 610mm; function: wet and dry; capacity: 15L; power: 1000W; voltage: 220V-240V/50/60Hz; tank diameter: 345mm; mode of cooling: circulating air cooling; air flow rate: 48L/S; vacuum suction: 210mbar; hose diameter: 40mm; colour: yellow,,cb,CH15N,60,USD
D-11-1C,Multipurpose Cleaning Cart   with cover,trolley-housekeeping-cart,"714,000","999,600",2,,,CB,D-11-1C,255,RMB
AS802,"80L Wet & dry vacuum cleaner with indicator  (S.S. tank)(220V 2000W) with Ametek motor, yellow cable",vacuum-cleaner,"2,248,400","3,147,760",2,packing Size: 590 X 525 X 1060mm; function: wet and dry; capacity: 80L; power: 2000W; voltage: 220V-240V/50/60Hz; tank diameter: 440mm; mode of cooling: circulating air cooling; air flow rate: 106L/S; vacuum suction: 250mbar; hose diameter: 40mm; colour: turquoise yellow,,CB,CH802J,803,RMB
AS903B,"WET/DRY VACUUM CLEANERS with indicator (90L 3000W)(220V)(Plastic tank)with Ametek motor,yellowcable",vacuum-cleaner,"2,828","3,959",2,packing Size: 590 X 510 X 950mm; function: wet and dry; capacity: 90L; power: 3000W; voltage: 220V-240V/50/60Hz; tank diameter: 440mm; mode of cooling: circulating air cooling; air flow rate: 106L/S; vacuum suction: 250mbar; hose diameter: 40mm; colour: turquoise yellow,,CB,CH903B,1.01,RMB
APS15,"15L Wet & dry vacuum cleaner  (S.S. tank)(220V 1000W)   with Italy motor,yellowcable",vacuum-cleaner,"826,000","1,156,400",2,packing Size: 410 X 410 X 595mm; function: wet and dry; capacity: 15L; power: 1000W; voltage: 220V-240V/50/60Hz; tank diameter: 345mm; mode of cooling: circulating air cooling; air flow rate: 48L/S; vacuum suction: 250mbar; hose diameter: 36mm,,CB,CB15,295,RMB
APS30,"30L Wet & dry vacuum cleaner  (S.S. tank)(220V 1000W)   with Italy motor,yellowcable",vacuum-cleaner,"854,000","1,195,600",2,Packing size: 847x335x215mm; Function: Dry; Air flow: 48L/S; Dust volume: 5.5L; Rolling brush motor power: 200W; Rolling speed: 2000W; Noise: 80dB; Vacuum suction: 190mbar; Voltage: 220VAC/50Hz; Suction motor power: 1200W,,CB,CB30,305,RMB
APS602,60L W&D VACUUM [2 NEW MOTOR A],vacuum-cleaner,"1,618,400","2,265,760",2,packing Size: 595 X 520 X 1000mm; function: wet and dry; capacity: 60L; power: 2000W; voltage: 220V-240V/50/60Hz; tank diameter: 440mm; mode of cooling: circulating air cooling; air flow rate: 106L/S; vacuum suction: 250mbar; hose diameter: 40mm,,CB,CB60-2J,578,RMB
APS803,80L Wet & dry vacuum cleaner [3 NEW MOTOR A],vacuum-cleaner,"1,881,600","2,634,240",2,packing Size: 595 X 520 X 1105mm; function: wet and dry; capacity: 80L; power: 3000W; voltage: 220V-240V/50/60Hz; tank diameter: 440mm; mode of cooling: circulating air cooling; air flow rate: 106L/S; vacuum suction: 250mbar; hose diameter: 40mm,,CB,CB80-3J,672,RMB
APS903,90L Wet & dry vacuum cleaner  (Plastic tank)(220V 3000W) with Italy motor,vacuum-cleaner,"2,044,000","2,861,600",2,packing Size: 590 X 510 X 995mm; function: wet and dry; capacity: 90L; power: 3000W; voltage: 220V-240V/50/60Hz; tank diameter: 440mm; mode of cooling: circulating air cooling; air flow rate: 106L/S; vacuum suction: 250mbar; hose diameter: 40mm,,CB,CB90-3,730,RMB
BXC2A,Back Pack vacuum cleaner  yellowcable,vacuum-cleaner,"1,106,000","1,548,400",2,packing size: 340 X 340 X 520mm; vacuum suction: 180mbar; air flow: 42L/S; function: Dry; capacity: 3L; rated voltage: 220V~50/60Hz; rated power: 1000W; mode of cooling: circulating air cooling,,CB,BXC2A,395,RMB
SA15L,"15L Wet & Dry Vacuum Cleaner,  With double stage motor 1000W*1",vacuum-cleaner,"740,480","1,036,672",2,packing Size: 375 X321 X364mm; capacity: 15L; power: 1400W; voltage: 220V50Hz/60Hz; vacuum suction: 230mbar,,CB,SA15L,41.6,USD
SA30L,30L Wet & Dry Vacuum Cleaner  With double stage motor 1000W*1,vacuum-cleaner,"779,640","1,091,496",2,packing Size: 375 X321 X364mm; capacity: 30L; power: 1400W; voltage: 220V50Hz/60Hz; vacuum suction: 230mbar,,CB,SA30L,43.8,USD
SA60-2,60L Wet & Dry Vacuum Cleaner  With double stage motor 1000W*2,vacuum-cleaner,"1,335,000","1,869,000",2,,,CB,SA60-2,75,USD
SA80-3,80L Wet & Dry Vacuum Cleaner  With double stage motor 1000W*3,vacuum-cleaner,"1,708,800","2,392,320",2,,,CB,SA80-3,96,USD
3238W,WET/DRY VACUUM CLEANER,vacuum-cleaner,"4,592,400","6,429,360",2,,,JJIKAE,3238W,258,USD
3539W,WET/DRY VACUUM CLEANER,vacuum-cleaner,"3,577,800","5,008,920",2,,,JJIKAE,3539W,201,USD
3239W,WET/DRY VACUUM CLEANER,vacuum-cleaner,"4,005,000","5,607,000",2,,,JJIKAE,3239W,225,USD
RS-25,upright vacuum,vacuum-cleaner,"496,976","695,766",2,,,STL,RS-25,27.92,USD
RBT1,ROBOT MACHINE,vacuum-cleaner,"2,225,000","3,115,000",2,,,STL,RBT1,125,USD
RBT2,ROBOT MACHINE,vacuum-cleaner,"4,628,000","6,479,200",2,,,STL,RBT2,260,USD
ZYW/5.5,"Industrial vacuum cleaner 5,5Kw",vacuum-cleaner,"32,930","46,102",2,,,STL,ZYW/5.5,1.85,USD
CY70SC/3,Industrial vacuum cleaner 3Kw / 380V,vacuum-cleaner,"14,774,000","20,683,600",2,,,STL,CY70SC/3,830,USD
AC570,15L Wet/dry vacuum cleaner,vacuum-cleaner,"649,700","909,580",2,,,BYN,BF570,36.5,USD
AC575,30L Wet/dry vacuum cleaner,vacuum-cleaner,"709,152","992,813",2,,,BYN,BF575,39.84,USD
AC580,70L 2-Motor Wet/dry Vacuum Cleaner,vacuum-cleaner,"1,299,400","1,819,160",2,,,BYN,BF580,73,USD
B-039C,Hand-held tool bucket  Product size: 38.7 X 27.5 X 18 CM,janitorial,"20,470","28,658",2,Product Size: 38.7x27.5x18cm; Packing size: 56x40x53.5cm; Packing: 20pcs/CTN,,CB,B-039C,1.15,USD
B-041,TWIN BUCKET,janitorial,"55,180","77,252",2,Product Size: 46 X 35.5 X 26cm; Packing size: 73 X 46.5 X 51cm; Capacity: 22L; Packing: 12pcs/CTN,,CB,B-041,3.1,USD
B-043,Side-press double mop trolley,janitorial,"396,940","555,716",2,Product Size: 40x27x34cm; Packing size: 84x42x38cm; Capacity: 50L; Packing: 1pcs/CTN,,CB,B-043,22.3,USD
C-199,COTTON YAM PAD,janitorial,"163,760","229,264",2,Bailiang Polishing Steel Wire Mat; packing: 6pcs/CTN,,CB,C-199,9.2,USD
,,,,,,,,,,,
,,,,,,,,,,,
